slug,title,section,publication_date,cover_image,excerpt,content,author,tags,youtube_url
bwiga-will-be-held-in-montenegro-again-in-september,,,,,,,,,
daria-barkova-art-profiling-turns-the-inner-world-into-a-visual-map,,,,,,,,,
elys-life-to-host-private-launch-event-in-dubai,,,,,,,,,
global-tech-weekend-tbilisi-2026-how-a-citywide-festival-united-the-regions-tech-ecosystem,,,,,,,,,
global-tech-weekend-tbilisi-how-the-city-became-an-interface-for-a-new-tech-region,,,,,,,,,
global-tech-weekend-tbilisi-returns-on-june-19-21,,,,,,,,,
mena-blockchain-week-2026-concludes-how-dubais-first-city-wide-blockchain-initiative-drew-5000-attendees-across-40-events,,,,,,,,,
sam-kaploushenko-the-future-of-money-is-invisible,,,,,,,,,
the-brands-and-speakers-you-dont-want-to-miss-at-global-tech-weekend-tbilisi-2026,,,,,,,,,
